{"schemaVersion":"1.0","appDefinitionTemplate":{"id":"/providers/Microsoft.PowerApps/apps/","type":"Microsoft.PowerApps/apps","tags":{"minimumRequiredApiVersion":"2.2.0"},"properties":{"appVersion":"2019-10-01T08:31:56Z","lifeCycleId":"Published","createdByClientVersion":{"major":3,"minor":19092,"build":12,"revision":0,"majorRevision":0,"minorRevision":0},"minClientVersion":{"major":3,"minor":19092,"build":12,"revision":0,"majorRevision":0,"minorRevision":0},"backgroundColor":"rgba(44, 125, 154, 1)","backgroundImageUri":"/16132341434923105392/Ncf1a7243-ed51-4bdb-a6fc-55e17def26e6-N29a0520a-5ee8-4e24-877a-a133a2fac22b-logoSmallFile","displayName":"Pre-Prod Admin App","description":"","commitMessage":"","appUris":{"documentUri":{"value":"/16132341434923105392/N8b79d8f4-dc16-4634-8cdb-8ae76b3a640c-Na8455e63-a66d-44ac-a76d-ab95bcb0145c-document.msapp","readonlyValue":"/16132341434923105392/N8b79d8f4-dc16-4634-8cdb-8ae76b3a640c-Na8455e63-a66d-44ac-a76d-ab95bcb0145c-document.msapp"},"imageUris":[]},"createdTime":"0001-01-01T00:00:00Z","lastModifiedTime":"0001-01-01T00:00:00Z","sharedGroupsCount":0,"sharedUsersCount":0,"icons":{"smallIconUri":"/16132341434923105392/Ne8e902f0-2b35-4116-be54-75408181b77c-small.png","mediumIconUri":"/16132341434923105392/N45e35a70-3ee2-4acc-9cd0-6b0cffd81e5b-medium.png","largeIconUri":"/16132341434923105392/Nb72327da-0773-4b08-b2ee-5ebf4d430d8f-large.png","wideIconUri":"/16132341434923105392/Nebc16a15-4c9c-4fc2-bf06-198493615db1-wide.png"},"connectionReferences":{"f8f75244-11e7-48e5-a7ac-e7a348973340":{"id":"7d4f16f2-b323-430a-a8e9-c042580bcfdf","displayName":"SQL Server","iconUri":"https://connectoricons-prod.azureedge.net/sql/icon_1.0.1258.1716.png","dataSources":["[dbo].[CPI]","[dbo].[ConditionMeasures]","[dbo].[KnowledgeMeasures]","[dbo].[CPIReview_B_Tab]","[dbo].[CPI_Review]","[dbo].[Features_Tab]","[dbo].[Action_Tab]","[dbo].[Review_Features_Tab]","[dbo].[Review_Audit_Tab]","[dbo].[Action_Audit_Tab]","[dbo].[DropDown_Tab]","[dbo].[Significance_Tooltips]","[dbo].[vw_Active_Features]","[dbo].[vw_Active_Review_Features_Current_Year]"],"dependencies":[],"dependents":[],"parameterHints":{},"isOnPremiseConnection":false,"sharedConnectionId":"48c27041-f0c7-49b3-9ddc-16f00e61cb10","bypassConsent":false,"dataSets":{"default":{"dataSources":{"[dbo].[CPI]":{"tableName":"[dbo].[CPI]"},"[dbo].[ConditionMeasures]":{"tableName":"[dbo].[ConditionMeasures]"},"[dbo].[KnowledgeMeasures]":{"tableName":"[dbo].[KnowledgeMeasures]"},"[dbo].[CPIReview_B_Tab]":{"tableName":"[dbo].[CPIReview_B_Tab]"},"[dbo].[CPI_Review]":{"tableName":"[dbo].[CPI_Review]"},"[dbo].[Review_Features_Tab]":{"tableName":"[dbo].[Review_Features_Tab]"},"[dbo].[Review_Audit_Tab]":{"tableName":"[dbo].[Review_Audit_Tab]"},"[dbo].[Action_Audit_Tab]":{"tableName":"[dbo].[Action_Audit_Tab]"},"[dbo].[DropDown_Tab]":{"tableName":"[dbo].[DropDown_Tab]"},"[dbo].[Significance_Tooltips]":{"tableName":"[dbo].[Significance_Tooltips]"},"[dbo].[vw_Active_Features]":{"tableName":"[dbo].[vw_Active_Features]"},"[dbo].[vw_Active_Review_Features_Current_Year]":{"tableName":"[dbo].[vw_Active_Review_Features_Current_Year]"}}}},"apiTier":"Standard","isCustomApiConnection":false},"65a0d30c-6ea4-499d-88ec-6e6569ce37e5":{"id":"7d4f16f2-b323-430a-a8e9-c042580bcfdf","displayName":"SQL Server","iconUri":"https://connectoricons-prod.azureedge.net/sql/icon_1.0.1258.1716.png","dataSources":["[dbo].[Property]"],"dependencies":[],"dependents":[],"parameterHints":{},"isOnPremiseConnection":false,"sharedConnectionId":"48c27041-f0c7-49b3-9ddc-16f00e61cb10","bypassConsent":false,"dataSets":{"default":{"dataSources":{"[dbo].[Property]":{"tableName":"[dbo].[Property]"}}}},"apiTier":"Standard","isCustomApiConnection":false},"8d799a52-ffe9-4ca3-9e36-65b3f7b07768":{"id":"7d4f16f2-b323-430a-a8e9-c042580bcfdf","displayName":"SQL Server","iconUri":"https://connectoricons-prod.azureedge.net/sql/icon_1.0.1258.1716.png","dataSources":["[dbo].[Features_Tab]","[dbo].[Action_Tab]","[dbo].[Audit_Table]","[dbo].[Support_B_Tab]","[dbo].[User_B_Tab]","[dbo].[User_Tab]"],"dependencies":[],"dependents":[],"parameterHints":{},"isOnPremiseConnection":false,"sharedConnectionId":"48c27041-f0c7-49b3-9ddc-16f00e61cb10","bypassConsent":false,"dataSets":{"default":{"dataSources":{"[dbo].[Features_Tab]":{"tableName":"[dbo].[Features_Tab]"},"[dbo].[Action_Tab]":{"tableName":"[dbo].[Action_Tab]"},"[dbo].[Audit_Table]":{"tableName":"[dbo].[Audit_Table]"},"[dbo].[Support_B_Tab]":{"tableName":"[dbo].[Support_B_Tab]"},"[dbo].[User_B_Tab]":{"tableName":"[dbo].[User_B_Tab]"},"[dbo].[User_Tab]":{"tableName":"[dbo].[User_Tab]"}}}},"apiTier":"Standard","isCustomApiConnection":false},"ad02dc4a-1298-4004-9b62-61e8e7a7a2a6":{"id":"7d4f16f2-b323-430a-a8e9-c042580bcfdf","displayName":"SQL Server","iconUri":"https://connectoricons-prod.azureedge.net/sql/icon_1.0.1258.1716.png","dataSources":["[dbo].[Feature_B_Tab]","[dbo].[Property_B_Tab]"],"dependencies":[],"dependents":[],"parameterHints":{},"isOnPremiseConnection":false,"sharedConnectionId":"48c27041-f0c7-49b3-9ddc-16f00e61cb10","bypassConsent":false,"dataSets":{"default":{"dataSources":{"[dbo].[Feature_B_Tab]":{"tableName":"[dbo].[Feature_B_Tab]"},"[dbo].[Property_B_Tab]":{"tableName":"[dbo].[Property_B_Tab]"}}}},"apiTier":"Standard","isCustomApiConnection":false},"d1d3f5d0-672d-48b1-bd51-fab41e818529":{"id":"ef248c8c-574b-49d4-a21f-24e7c01a85c9","displayName":"Office 365 Users","iconUri":"https://connectoricons-prod.azureedge.net/office365users/icon_1.0.1258.1715.png","dataSources":["Office365Users"],"dependencies":[],"dependents":[],"parameterHints":{},"isOnPremiseConnection":false,"bypassConsent":false,"dataSets":{},"apiTier":"Standard","isCustomApiConnection":false}},"databaseReferences":{},"almMode":"Environment"},"appComponents":[]}}